name,split,t_s,sonar_m,pred_m,residual_m,abs_residual_m,psnr_db,render_ms
f000750,test,30.0,0.941,0.6674454163741497,-0.2735545836258503,0.2735545836258503,32.31315612792969,8.508443832397461
f000755,train,30.2,0.944,0.9763961272021396,0.03239612720213969,0.03239612720213969,34.807273864746094,7.509708404541016
f000760,train,30.4,0.948,0.9467953855153927,-0.0012046144846072915,0.0012046144846072915,35.74182891845703,6.002902984619141
f000765,train,30.6,0.957,0.9474416656487981,-0.009558334351201903,0.009558334351201903,35.49234390258789,6.502866744995117
f000770,train,30.8,0.973,0.9859085629157004,0.012908562915700417,0.012908562915700417,36.54859924316406,6.53529167175293
f000775,train,31.0,0.973,0.9576514983716258,-0.0153485016283742,0.0153485016283742,37.11113357543945,6.521940231323242
f000780,train,31.2,0.984,0.9800773250647271,-0.003922674935272874,0.003922674935272874,36.0347785949707,6.516933441162109
f000785,train,31.4,1.001,0.9898206869402968,-0.0111793130597031,0.0111793130597031,35.81520462036133,6.130695343017578
f000790,test,31.6,1.011,0.7068861175242356,-0.3041138824757643,0.3041138824757643,33.36415100097656,6.512165069580078
f000795,train,31.8,1.033,1.042068709595509,0.009068709595509095,0.009068709595509095,33.922828674316406,6.514787673950195
f000800,train,32.0,1.033,0.8875322174586229,-0.14546778254137704,0.14546778254137704,34.83219528198242,7.8144073486328125
f000805,train,32.2,1.024,1.0227770597412262,-0.0012229402587737859,0.0012229402587737859,35.230045318603516,7.016181945800781
f000810,train,32.4,1.03,1.034281957692622,0.004281957692622074,0.004281957692622074,34.26505661010742,8.071422576904297
f000815,train,32.6,1.01,1.0439785863754054,0.033978586375405406,0.033978586375405406,35.43643569946289,7.095575332641602
f000820,train,32.8,1.02,0.972930669170907,-0.04706933082909304,0.04706933082909304,35.87626266479492,7.551431655883789
f000825,train,33.0,1.02,0.9985514963054983,-0.021448503694501686,0.021448503694501686,35.232601165771484,7.01451301574707
f000830,test,33.2,1.012,0.6978903301731356,-0.3141096698268644,0.3141096698268644,35.3966064453125,7.578372955322266
f000835,train,33.4,0.989,0.9267585878183425,-0.06224141218165746,0.06224141218165746,36.25019454956055,7.008790969848633
f000840,train,33.6,0.976,0.9360127776307278,-0.03998722236927221,0.03998722236927221,35.47958755493164,7.534503936767578
f000845,train,33.8,0.962,0.946891748262997,-0.01510825173700292,0.01510825173700292,36.082340240478516,6.516218185424805
f000850,train,34.0,0.962,0.8292160032261997,-0.13278399677380026,0.13278399677380026,36.09138870239258,7.518768310546875
f000855,train,34.2,0.94,0.9158494793649297,-0.024150520635070283,0.024150520635070283,35.22951126098633,7.007122039794922
f000860,train,34.4,0.918,0.8514458949418406,-0.0665541050581594,0.0665541050581594,35.93450164794922,7.005214691162109
f000865,train,34.6,0.924,0.8547122085133612,-0.06928779148663888,0.06928779148663888,35.66643142700195,6.500005722045898
f000870,test,34.8,0.879,0.5992931175411061,-0.27970688245889386,0.27970688245889386,34.81452178955078,8.033514022827148
f000875,train,35.0,0.879,0.8922070240582882,0.01320702405828822,0.01320702405828822,36.21992111206055,6.50334358215332
f000880,train,35.2,0.823,0.822826785143769,-0.00017321485623100763,0.00017321485623100763,36.523746490478516,7.312536239624023
f000885,train,35.4,0.786,0.8120754892810714,0.026075489281071396,0.026075489281071396,36.50514602661133,6.510257720947266
f000890,train,35.6,0.745,0.7373473135746444,-0.007652686425355548,0.007652686425355548,37.422889709472656,6.648778915405273
f000895,train,35.8,0.691,0.7318628563669592,0.0408628563669593,0.0408628563669593,36.88158416748047,7.043361663818359
f000900,train,36.0,0.691,0.6738874734936503,-0.017112526506349646,0.017112526506349646,35.87836456298828,6.9980621337890625
f000905,train,36.2,0.652,0.6628191434085338,0.010819143408533738,0.010819143408533738,35.6668701171875,7.009983062744141
f000910,test,36.4,0.619,0.6186374498723491,-0.00036255012765085137,0.00036255012765085137,35.05990219116211,8.0108642578125
f000915,train,36.6,0.582,0.5969512131381157,0.01495121313811576,0.01495121313811576,36.08330535888672,8.356094360351562
f000920,train,36.8,0.547,0.5734257473735497,0.026425747373549635,0.026425747373549635,36.65186309814453,8.050918579101562
f000925,train,37.0,0.547,0.5694954232361847,0.022495423236184697,0.022495423236184697,36.627418518066406,7.516145706176758
f000930,train,37.2,0.503,0.4862704955287619,-0.01672950447123811,0.01672950447123811,35.92074966430664,7.5321197509765625
f000935,train,37.4,0.466,0.4232906687445267,-0.042709331255473326,0.042709331255473326,37.116275787353516,8.51130485534668
f000940,train,37.6,0.426,0.37894799227540266,-0.04705200772459733,0.04705200772459733,37.17171096801758,8.296966552734375
f000945,train,37.8,0.388,0.3430366256813628,-0.04496337431863723,0.04496337431863723,36.29248809814453,7.7114105224609375
f000950,test,38.0,0.388,0.6294384535699198,0.24143845356991978,0.24143845356991978,37.007164001464844,8.506298065185547
f000955,train,38.2,0.349,0.3261476255526869,-0.022852374447313084,0.022852374447313084,37.10820770263672,8.579730987548828
f000960,train,38.4,0.31,0.2498465295627593,-0.0601534704372407,0.0601534704372407,36.066986083984375,7.300853729248047
f000965,train,38.6,0.269,0.24094158621539197,-0.02805841378460805,0.02805841378460805,36.899566650390625,7.790565490722656
f000970,train,38.8,0.238,0.23742209537625195,-0.0005779046237480434,0.0005779046237480434,36.81545639038086,8.527517318725586
f000975,train,39.0,0.238,0.25046732953828876,0.012467329538288774,0.012467329538288774,35.68418884277344,8.504390716552734
f000980,train,39.2,0.193,0.18786156399648066,-0.005138436003519348,0.005138436003519348,36.116424560546875,8.03828239440918
f000985,train,39.4,0.151,0.14840236918342034,-0.0025976308165796547,0.0025976308165796547,36.190330505371094,8.533000946044922
f000990,test,39.6,0.112,0.3180405125250468,0.2060405125250468,0.2060405125250468,35.69863510131836,8.004188537597656
f001005,train,40.2,0.101,0.10919423807649672,0.008194238076496718,0.008194238076496718,37.358158111572266,7.009029388427734
f001010,train,40.4,0.105,0.12070165077465689,0.015701650774656892,0.015701650774656892,38.56114959716797,7.52568244934082
f001015,train,40.6,0.109,0.12308158949933078,0.014081589499330777,0.014081589499330777,38.54696273803711,7.533788681030273
f001020,train,40.8,0.104,0.11280703874109935,0.008807038741099352,0.008807038741099352,37.82770538330078,7.467746734619141
f001025,train,41.0,0.104,0.11743432934742927,0.013434329347429275,0.013434329347429275,38.44565963745117,7.019519805908203
f001030,test,41.2,0.103,0.15755936452261768,0.054559364522617684,0.054559364522617684,38.18405532836914,7.333993911743164
f001035,train,41.4,0.103,0.10521733730645541,0.0022173373064554164,0.0022173373064554164,37.332706451416016,6.997823715209961
f001040,train,41.6,0.107,0.11606914475966804,0.009069144759668038,0.009069144759668038,38.10343933105469,7.876396179199219
f001045,train,41.8,0.108,0.1107695948267067,0.0027695948267067033,0.0027695948267067033,38.142051696777344,7.963418960571289
f001050,train,42.0,0.108,0.13241357990129796,0.024413579901297958,0.024413579901297958,37.08906936645508,7.007122039794922
f001055,train,42.2,0.108,0.13948719071887247,0.031487190718872474,0.031487190718872474,37.8110466003418,6.00433349609375
f001060,train,42.4,0.105,0.16232687427732,0.057326874277320014,0.057326874277320014,37.71177291870117,7.693290710449219
f001065,train,42.6,0.101,0.10072879809746815,-0.0002712019025318535,0.0002712019025318535,36.866336822509766,7.510185241699219
f001070,test,42.8,0.1,0.3241341842601336,0.22413418426013357,0.22413418426013357,37.414344787597656,8.040904998779297
f001075,train,43.0,0.1,0.10670825923242915,0.00670825923242914,0.00670825923242914,37.5209846496582,7.5130462646484375
f001080,train,43.2,0.109,0.10629179955525699,-0.002708200444743014,0.002708200444743014,36.574241638183594,7.506608963012695
f001085,train,43.4,0.127,0.13451583970116293,0.00751583970116293,0.00751583970116293,37.190406799316406,7.508039474487305
f001090,train,43.6,0.144,0.15421716822286072,0.010217168222860729,0.010217168222860729,37.27188491821289,7.524013519287109
f001095,train,43.8,0.161,0.17435410568016507,0.013354105680165068,0.013354105680165068,36.60982131958008,7.000207901000977
f001100,train,44.0,0.161,0.1992531907084098,0.038253190708409796,0.038253190708409796,37.366783142089844,8.142948150634766
f001105,train,44.2,0.18,0.19000727901183218,0.010007279011832182,0.010007279011832182,37.29927444458008,8.150815963745117
f001110,test,44.4,0.201,0.47670807800013587,0.27570807800013586,0.27570807800013586,36.77115249633789,8.006095886230469
f001115,train,44.6,0.222,0.2234858384891077,0.0014858384891076881,0.0014858384891076881,37.932491302490234,8.484125137329102
f001120,train,44.8,0.247,0.24136801681455936,-0.005631983185440642,0.005631983185440642,37.88447189331055,8.754730224609375
f001125,train,45.0,0.247,0.2350758268601998,-0.01192417313980021,0.01192417313980021,36.95246505737305,7.963418960571289
f001130,train,45.2,0.279,0.2579123107214025,-0.0210876892785975,0.0210876892785975,37.35940933227539,7.756471633911133
f001135,train,45.4,0.313,0.32294714550735265,0.00994714550735265,0.00994714550735265,37.2721061706543,7.421970367431641
f001140,train,45.6,0.356,0.4012661447529639,0.04526614475296392,0.04526614475296392,36.4393310546875,9.040355682373047
f001145,train,45.8,0.401,0.4402408447361212,0.03924084473612116,0.03924084473612116,37.134830474853516,7.5206756591796875
f001150,test,46.0,0.401,0.6878220277896001,0.2868220277896001,0.2868220277896001,36.66355514526367,8.020639419555664
f001155,train,46.2,0.448,0.4748066163261431,0.026806616326143118,0.026806616326143118,35.91253662109375,8.516550064086914
f001160,train,46.4,0.504,0.46617792329258245,-0.03782207670741755,0.03782207670741755,36.21544647216797,7.523298263549805
f001165,train,46.6,0.564,0.5330697958213592,-0.030930204178640786,0.030930204178640786,35.749881744384766,8.034229278564453
f001170,train,46.8,0.627,0.610372289413829,-0.016627710586170963,0.016627710586170963,35.90953826904297,7.512331008911133
f001175,train,47.0,0.627,0.6453298918187444,0.018329891818744448,0.018329891818744448,36.73944854736328,8.049488067626953
f001180,train,47.2,0.693,0.6861675788289021,-0.0068324211710978355,0.0068324211710978355,36.40350341796875,7.820844650268555
f001185,train,47.4,0.766,0.7467283170759973,-0.01927168292400272,0.01927168292400272,35.26841354370117,7.5283050537109375
f001190,test,47.6,0.84,0.813466917257244,-0.02653308274275601,0.02653308274275601,36.222259521484375,8.727312088012695
f001195,train,47.8,0.922,0.9470447857703623,0.025044785770362288,0.025044785770362288,36.427528381347656,7.511615753173828
f001200,train,48.0,0.922,0.8276658232986529,-0.09433417670134714,0.09433417670134714,36.0432014465332,8.090019226074219
f001205,train,48.2,1.0,0.9130545682841271,-0.08694543171587288,0.08694543171587288,37.125694274902344,8.078813552856445
f001210,train,48.4,1.076,1.034525408663418,-0.041474591336582156,0.041474591336582156,37.41920852661133,8.583307266235352
f001215,train,48.6,1.137,1.1112967720832672,-0.02570322791673285,0.02570322791673285,36.78704833984375,8.027315139770508
f001220,train,48.8,1.195,1.1731539063198642,-0.021846093680135903,0.021846093680135903,37.70227813720703,8.004188537597656
f001225,train,49.0,1.195,1.1946543062037216,-0.00034569379627846786,0.00034569379627846786,37.96787643432617,8.669376373291016
f001230,test,49.2,1.252,1.1538230381580672,-0.09817696184193281,0.09817696184193281,36.951820373535156,9.021759033203125
f001235,train,49.4,1.3,1.3470409931923868,0.04704099319238675,0.04704099319238675,37.87495803833008,7.509469985961914
f001240,train,49.6,1.345,1.4117178532871955,0.06671785328719548,0.06671785328719548,38.03118896484375,8.466482162475586
f001245,train,49.8,1.387,1.5109065108741602,0.12390651087416016,0.12390651087416016,36.99998474121094,7.508039474487305
f001250,train,50.0,1.387,1.4782926915935533,0.09129269159355324,0.09129269159355324,37.76303482055664,7.0056915283203125
f001255,train,50.2,1.393,1.4567191781384021,0.06371917813840211,0.06371917813840211,37.67063522338867,8.026838302612305
f001260,train,50.4,1.418,1.441870860761391,0.02387086076139111,0.02387086076139111,36.670108795166016,9.037971496582031
f001265,train,50.6,1.414,1.4212290365198776,0.0072290365198777184,0.0072290365198777184,36.99916076660156,8.512258529663086
f001270,test,50.8,1.429,1.1689386819226242,-0.26006131807737587,0.26006131807737587,36.86079025268555,8.950233459472656
f001275,train,51.0,1.429,1.5176157378210968,0.08861573782109677,0.08861573782109677,36.42647933959961,9.01651382446289
f001280,train,51.2,1.427,1.4947432451346316,0.06774324513463159,0.06774324513463159,37.15676498413086,8.016824722290039
f001285,train,51.4,1.439,1.495423029131542,0.05642302913154196,0.05642302913154196,36.93751907348633,9.51242446899414
f001290,train,51.6,1.441,1.4382587059072416,-0.002741294092758473,0.002741294092758473,36.194644927978516,9.517908096313477
f001295,train,51.8,1.445,1.396288541342581,-0.048711458657419104,0.048711458657419104,36.47405242919922,10.110616683959961
f001300,train,52.0,1.445,1.3944401926858503,-0.050559807314149774,0.050559807314149774,36.6120491027832,8.341312408447266
f001305,train,52.2,1.461,1.3939750525995258,-0.06702494740047427,0.06702494740047427,36.33254623413086,8.512258529663086
f001310,test,52.4,1.453,1.3499779042928113,-0.10302209570718879,0.10302209570718879,36.977535247802734,8.510112762451172
f001315,train,52.6,1.458,1.3999293466968308,-0.058070653303169184,0.058070653303169184,37.04643249511719,8.522272109985352
f001320,train,52.8,1.461,1.4352477418748646,-0.025752258125135485,0.025752258125135485,36.53245544433594,7.774829864501953
f001325,train,53.0,1.461,1.427835246914542,-0.03316475308545819,0.03316475308545819,36.91917037963867,9.534835815429688
f001330,train,53.2,1.451,1.4467921712539942,-0.004207828746005893,0.004207828746005893,36.02510070800781,9.03463363647461
f001335,train,53.4,1.459,1.4631132495842378,0.004113249584237755,0.004113249584237755,35.43286895751953,9.130716323852539
f001340,train,53.6,1.455,1.4561978329726464,0.0011978329726463066,0.0011978329726463066,35.49567794799805,8.110523223876953
f001345,train,53.8,1.436,1.4405119190080096,0.004511919008009624,0.004511919008009624,35.47422409057617,8.109807968139648
f001350,test,54.0,1.436,1.447414028010265,0.011414028010265032,0.011414028010265032,35.58755874633789,7.508993148803711
f001355,train,54.2,1.421,1.407148646481615,-0.013851353518385068,0.013851353518385068,36.77427673339844,7.843255996704102
f001360,train,54.4,1.42,1.3442463952318038,-0.07575360476819615,0.07575360476819615,37.52430725097656,7.523536682128906
f001365,train,54.6,1.407,1.326425157929106,-0.08057484207089405,0.08057484207089405,36.370914459228516,7.513999938964844
f001370,train,54.8,1.396,1.3143900691657486,-0.08160993083425128,0.08160993083425128,36.29576873779297,7.475376129150391
f001375,train,55.0,1.396,1.33452620425249,-0.061473795747509996,0.061473795747509996,36.468963623046875,7.696628570556641
f001380,train,55.2,1.385,1.322987880717644,-0.06201211928235595,0.06201211928235595,35.910709381103516,7.518768310546875
f001385,train,55.4,1.37,1.3635097077062064,-0.00649029229379372,0.00649029229379372,36.82326889038086,8.244514465332031
f001390,test,55.6,1.359,1.2373348622667657,-0.12166513773323429,0.12166513773323429,36.567386627197266,8.504867553710938
f001395,train,55.8,1.345,1.3141995355120775,-0.030800464487922508,0.030800464487922508,35.77234649658203,8.521318435668945
f001400,train,56.0,1.345,1.3212315894054973,-0.02376841059450263,0.02376841059450263,36.58894729614258,8.515357971191406
f001405,train,56.2,1.331,1.3494020762088321,0.018402076208832163,0.018402076208832163,36.90924835205078,8.699178695678711
f001410,train,56.4,1.313,1.3770347790348785,0.06403477903487853,0.06403477903487853,36.421592712402344,8.507490158081055
f001415,train,56.6,1.302,1.3598729729148125,0.057872972914812415,0.057872972914812415,37.08094024658203,8.510828018188477
f001420,train,56.8,1.297,1.3110035957099284,0.014003595709928485,0.014003595709928485,37.17253112792969,8.507251739501953
f001425,train,57.0,1.297,1.2912367859222915,-0.005763214077708412,0.005763214077708412,36.184261322021484,8.512735366821289
f001430,test,57.2,1.288,1.2725471879703851,-0.015452812029614904,0.015452812029614904,36.975303649902344,8.509159088134766
f001435,train,57.4,1.28,1.322339252182591,0.042339252182590936,0.042339252182590936,37.22023391723633,9.042739868164062
f001440,train,57.6,1.316,1.3407505645392628,0.02475056453926272,0.02475056453926272,36.311790466308594,9.15074348449707
f001445,train,57.8,1.395,1.3875449723284279,-0.007455027671572134,0.007455027671572134,37.03841781616211,9.29570198059082
f001450,train,58.0,1.395,1.3933793413815978,-0.0016206586184022154,0.0016206586184022154,37.10744857788086,8.304595947265625
f001455,train,58.2,1.433,1.439739451426076,0.006739451426075904,0.006739451426075904,36.46881103515625,8.512735366821289
f001460,train,58.4,1.454,1.4929858579017161,0.03898585790171616,0.03898585790171616,37.342323303222656,8.011341094970703
f001465,train,58.6,1.498,1.5283188131699648,0.030318813169964764,0.030318813169964764,37.42747497558594,8.01992416381836
f001470,test,58.8,1.533,1.4662958034969957,-0.06670419650300419,0.06670419650300419,36.48432922363281,8.511066436767578
f001475,train,59.0,1.533,1.511926969670075,-0.021073030329924913,0.021073030329924913,37.47539138793945,8.530139923095703
f001480,train,59.2,1.582,1.540804325369322,-0.04119567463067808,0.04119567463067808,37.70335388183594,8.509159088134766
f001485,train,59.4,1.568,1.523241099127635,-0.044758900872365004,0.044758900872365004,36.55582809448242,8.041620254516602
f001490,train,59.6,1.575,1.5294980239172538,-0.0455019760827462,0.0455019760827462,36.88644790649414,8.502483367919922
f001495,train,59.8,1.604,1.5753468086430058,-0.02865319135699429,0.02865319135699429,36.410552978515625,8.51583480834961
f001500,train,60.0,1.604,1.5935188971518472,-0.010481102848152846,0.010481102848152846,34.51736068725586,7.607460021972656
f001505,train,60.2,1.633,1.62628050917614,-0.006719490823859919,0.006719490823859919,35.32596206665039,9.515523910522461
f001510,test,60.4,1.661,1.6648680360076713,0.0038680360076712716,0.0038680360076712716,36.03228759765625,10.094881057739258
f001515,train,60.6,1.716,1.7118600226554501,-0.00413997734454985,0.00413997734454985,35.61172866821289,8.031129837036133
f001520,train,60.8,1.768,1.7637521841810038,-0.004247815818996248,0.004247815818996248,36.96651840209961,9.526491165161133
f001525,train,61.0,1.768,1.7574238679812995,-0.010576132018700557,0.010576132018700557,36.74281692504883,9.51838493347168
f001530,train,61.2,1.839,1.8196336538653035,-0.019366346134696455,0.019366346134696455,37.4017219543457,8.522748947143555
f001535,train,61.4,1.975,1.9644879208495112,-0.010512079150488907,0.010512079150488907,37.911903381347656,9.157896041870117
f001540,train,61.6,1.915,1.8928832758944336,-0.02211672410556642,0.02211672410556642,36.576568603515625,9.051322937011719
f001545,train,61.8,1.985,1.9845849159087934,-0.00041508409120671885,0.00041508409120671885,36.00712585449219,9.50312614440918
f001550,test,62.0,1.985,1.9916897702532872,0.006689770253287097,0.006689770253287097,36.105506896972656,8.545398712158203
f001555,train,62.2,2.011,2.0077077482108874,-0.0032922517891127434,0.0032922517891127434,37.178924560546875,8.005857467651367
f001560,train,62.4,2.05,2.039687342486546,-0.010312657513453782,0.010312657513453782,35.41645431518555,9.551048278808594
f001565,train,62.6,2.155,2.1565903068211902,0.0015903068211904348,0.0015903068211904348,38.22737121582031,9.405136108398438
f001570,train,62.8,2.138,2.12031016288843,-0.017689837111569684,0.017689837111569684,38.09521484375,8.516073226928711
f001575,train,63.0,2.138,2.10850756588818,-0.02949243411182012,0.02949243411182012,37.84684371948242,8.543729782104492
f001580,train,63.2,2.183,2.192038646890388,0.009038646890388247,0.009038646890388247,38.413387298583984,8.054733276367188
f001585,train,63.4,2.365,2.3814245583962927,0.016424558396292532,0.016424558396292532,38.400020599365234,9.025096893310547
f001590,test,63.6,2.336,2.4413601521248105,0.10536015212481065,0.10536015212481065,36.74075698852539,8.011579513549805
f001595,train,63.8,2.385,2.4962324353411036,0.11123243534110383,0.11123243534110383,37.17647933959961,8.511543273925781
f001600,train,64.0,2.385,2.386971326527693,0.0019713265276930514,0.0019713265276930514,37.968544006347656,8.513212203979492
f001605,train,64.2,2.47,2.478808704157281,0.008808704157280633,0.008808704157280633,37.600093841552734,8.975982666015625
f001610,train,64.4,2.508,2.50634277411413,-0.0016572258858698063,0.0016572258858698063,37.426177978515625,9.022235870361328
f001615,train,64.6,2.603,2.6173996273873663,0.01439962738736611,0.01439962738736611,38.120853424072266,9.190559387207031
f001620,train,64.8,2.673,2.728378357165794,0.05537835716579398,0.05537835716579398,37.017356872558594,8.538007736206055
f001625,train,65.0,2.673,2.6722737893249775,-0.0007262106750225428,0.0007262106750225428,37.864871978759766,9.516000747680664
f001630,test,65.2,2.719,2.7617359935282346,0.04273599352823476,0.04273599352823476,37.65810012817383,9.061813354492188
f001635,train,65.4,2.824,2.7730646830760097,-0.050935316923990115,0.050935316923990115,36.85719299316406,8.544445037841797
f001640,train,65.6,2.869,2.832520576627988,-0.03647942337201204,0.03647942337201204,37.15314483642578,8.528947830200195
f001645,train,65.8,2.913,2.9959549277672717,0.08295492776727187,0.08295492776727187,38.03459930419922,9.265899658203125
f001650,train,66.0,2.913,2.9018525950286778,-0.01114740497132205,0.01114740497132205,37.61692810058594,9.267330169677734
f001655,train,66.2,2.949,2.9132100916366626,-0.035789908363337286,0.035789908363337286,37.66661834716797,8.657693862915039
f001660,train,66.4,2.925,2.942269839863869,0.01726983986386932,0.01726983986386932,38.69472122192383,9.045600891113281
f001665,train,66.6,2.903,2.9217116187210084,0.01871161872100835,0.01871161872100835,38.354949951171875,9.517192840576172
f001670,test,66.8,2.886,2.8695946368777294,-0.0164053631222707,0.0164053631222707,38.52330780029297,9.517431259155273
f001675,train,67.0,2.886,2.88969319753811,0.003693197538110038,0.003693197538110038,37.304969787597656,8.513689041137695
f001680,train,67.2,2.863,2.9152582109935445,0.05225821099354455,0.05225821099354455,38.40345764160156,9.037017822265625
f001685,train,67.4,2.821,2.870972678964511,0.04997267896451074,0.04997267896451074,37.55832290649414,8.527517318725586
f001690,train,67.6,2.8,2.820251273940315,0.02025127394031534,0.02025127394031534,37.317543029785156,9.50932502746582
f001695,train,67.8,2.766,2.7833215621118432,0.017321562111843214,0.017321562111843214,36.13862228393555,8.017778396606445
f001700,train,68.0,2.766,2.8132164019649184,0.047216401964918386,0.047216401964918386,36.437347412109375,8.049488067626953
f001705,train,68.2,2.746,2.763681409453064,0.017681409453063957,0.017681409453063957,37.266048431396484,10.523796081542969
f001710,test,68.4,2.722,2.7157674403184577,-0.006232559681542238,0.006232559681542238,36.93560028076172,10.033130645751953
f001715,train,68.6,2.712,2.7028039501037693,-0.009196049896230907,0.009196049896230907,36.19221115112305,9.144306182861328
f001720,train,68.8,2.69,2.662246740530384,-0.027753259469616154,0.027753259469616154,35.624481201171875,9.539365768432617
f001725,train,69.0,2.69,2.648453168613342,-0.041546831386658045,0.041546831386658045,36.10980224609375,9.020328521728516
f001730,train,69.2,2.648,2.6194623068344636,-0.02853769316553656,0.02853769316553656,36.932804107666016,8.513689041137695
f001735,train,69.4,2.632,2.6033482009694238,-0.028651799030576353,0.028651799030576353,37.56688690185547,8.510589599609375
f001740,train,69.6,2.596,2.5879220202270057,-0.008077979772994404,0.008077979772994404,36.959346771240234,7.670879364013672
f001745,train,69.8,2.56,2.5516393713324885,-0.008360628667511527,0.008360628667511527,36.605308532714844,8.118391036987305
f001750,test,70.0,2.56,2.5396700378152626,-0.020329962184737482,0.020329962184737482,36.699920654296875,8.82411003112793
f001755,train,70.2,2.539,2.5158090245952893,-0.023190975404710823,0.023190975404710823,36.91718673706055,8.525848388671875
f001760,train,70.4,2.474,2.471558405470749,-0.002441594529251301,0.002441594529251301,39.3422737121582,8.66246223449707
f001765,train,70.6,2.449,2.444653707155443,-0.004346292844557009,0.004346292844557009,39.988983154296875,8.40902328491211
f001770,train,70.8,2.416,2.425905320882293,0.009905320882293012,0.009905320882293012,40.29134750366211,8.455038070678711
f001775,train,71.0,2.416,2.4035472847167507,-0.012452715283249205,0.012452715283249205,39.55805206298828,8.896589279174805
f001780,train,71.2,2.384,2.378987856846796,-0.005012143153203752,0.005012143153203752,39.647056579589844,8.514642715454102
f001785,train,71.4,2.346,2.3536515777118328,0.007651577711832669,0.007651577711832669,39.21608352661133,8.507490158081055
f001790,test,71.6,2.313,2.341925695165403,0.028925695165402665,0.028925695165402665,39.01777267456055,8.603334426879883
f001795,train,71.8,2.398,2.3840254915010077,-0.0139745084989924,0.0139745084989924,38.906429290771484,8.502960205078125
f001800,train,72.0,2.398,2.3915156402758093,-0.0064843597241908135,0.0064843597241908135,38.247222900390625,7.990837097167969
f001805,train,72.2,2.261,2.3050625213836113,0.04406252138361122,0.04406252138361122,38.48781204223633,8.513450622558594
f001810,train,72.4,2.214,2.3186334648244658,0.10463346482446578,0.10463346482446578,38.137535095214844,8.521080017089844
f001815,train,72.6,2.265,2.3418951659439844,0.07689516594398427,0.07689516594398427,37.155181884765625,8.503198623657227
f001820,train,72.8,2.23,2.3073714698834813,0.07737146988348131,0.07737146988348131,37.853912353515625,8.059024810791016
f001825,train,73.0,2.23,2.3486847082272675,0.11868470822726751,0.11868470822726751,39.154476165771484,8.01539421081543
f001830,test,73.2,2.093,2.5464844731560095,0.4534844731560095,0.4534844731560095,39.660484313964844,8.50820541381836
f001835,train,73.4,2.172,2.173598214353287,0.0015982143532866644,0.0015982143532866644,39.824562072753906,8.691072463989258
f001840,train,73.6,2.021,2.056831300754091,0.03583130075409091,0.03583130075409091,40.15266799926758,9.509086608886719
f001845,train,73.8,1.977,2.009041640346695,0.03204164034669499,0.03204164034669499,39.89888000488281,8.506536483764648
f001850,train,74.0,1.977,1.978182859897356,0.0011828598973560034,0.0011828598973560034,40.12332534790039,8.306741714477539
f001855,train,74.2,1.95,1.9619669899609224,0.011966989960922492,0.011966989960922492,39.58544158935547,8.008241653442383
f001860,train,74.4,1.924,2.012573010184169,0.08857301018416885,0.08857301018416885,39.025634765625,8.519649505615234
f001865,train,74.6,1.91,2.0011001287752346,0.09110012877523466,0.09110012877523466,39.15373229980469,8.509635925292969
f001870,test,74.8,1.899,2.124403896640437,0.22540389664043703,0.22540389664043703,38.569732666015625,9.01341438293457
f001875,train,75.0,1.899,1.9258585924686533,0.026858592468653297,0.026858592468653297,38.71233367919922,8.505582809448242
f001880,train,75.2,1.909,1.9223359899973302,0.013335989997330211,0.013335989997330211,38.97285079956055,8.538961410522461
f001885,train,75.4,1.919,1.924131577897046,0.005131577897045991,0.005131577897045991,38.802860260009766,8.517980575561523
f001890,train,75.6,1.941,1.914105938143441,-0.02689406185655896,0.02689406185655896,38.28779602050781,8.509397506713867
f001895,train,75.8,1.964,1.926611959717187,-0.03738804028281306,0.03738804028281306,37.89767837524414,8.507728576660156
f001900,train,76.0,1.964,1.9328037555011137,-0.03119624449888625,0.03119624449888625,36.19150924682617,8.53109359741211
f001905,train,76.2,2.008,2.08032267555474,0.07232267555473992,0.07232267555473992,36.237579345703125,9.02867317199707
f001910,test,76.4,2.043,2.4923993741719745,0.4493993741719744,0.4493993741719744,34.731807708740234,9.511947631835938
f001915,train,76.6,2.053,2.0017716150863234,-0.05122838491367654,0.05122838491367654,36.22569274902344,8.510112762451172
f001920,train,76.8,2.089,2.1129452622014977,0.02394526220149773,0.02394526220149773,35.76595687866211,8.503913879394531
f001925,train,77.0,2.089,2.0560325310737047,-0.03296746892629532,0.03296746892629532,36.51469039916992,9.513139724731445
f001930,train,77.2,2.124,2.0767163134246545,-0.04728368657534565,0.04728368657534565,37.52492904663086,9.004592895507812
f001935,train,77.4,2.163,2.16140954012218,-0.0015904598778200274,0.0015904598778200274,21.81360626220703,9.552240371704102
f001940,train,77.6,2.199,2.1822464382605498,-0.016753561739450085,0.016753561739450085,36.81212615966797,9.518146514892578
f001945,train,77.8,2.227,2.216541243440472,-0.010458756559527771,0.010458756559527771,36.205020904541016,9.076595306396484
f001950,test,78.0,2.227,2.3235388061858653,0.09653880618586541,0.09653880618586541,34.66707229614258,9.019136428833008
f001955,train,78.2,2.268,2.252090408220405,-0.015909591779594834,0.015909591779594834,34.74043273925781,8.507013320922852
f001960,train,78.4,2.274,2.2768696464845695,0.0028696464845694436,0.0028696464845694436,35.11971664428711,8.593559265136719
f001965,train,78.6,2.402,2.4185451169986556,0.016545116998655462,0.016545116998655462,35.37154006958008,9.331703186035156
f001970,train,78.8,2.264,2.2546227679970117,-0.009377232002988123,0.009377232002988123,36.07624435424805,9.057044982910156
f001975,train,79.0,2.264,2.2525899915308933,-0.011410008469106447,0.011410008469106447,35.96771240234375,8.525371551513672
f001980,train,79.2,2.355,2.3840245521403487,0.029024552140348714,0.029024552140348714,36.13951110839844,8.506059646606445
f001985,train,79.4,2.211,2.1630527950350245,-0.0479472049649754,0.0479472049649754,36.834991455078125,8.040189743041992
f001990,test,79.6,2.281,2.2260968897443476,-0.05490311025565253,0.05490311025565253,36.19409942626953,8.509635925292969
f001995,train,79.8,2.242,2.2519823817446176,0.00998238174461763,0.00998238174461763,36.61122512817383,8.009672164916992
f002000,train,80.0,2.242,2.2768507027112794,0.034850702711279435,0.034850702711279435,36.72556686401367,9.530305862426758
f002005,train,80.2,2.193,2.1813816002138124,-0.011618399786187616,0.011618399786187616,37.52416229248047,9.510517120361328
f002010,train,80.4,2.172,2.1645025416521113,-0.007497458347888841,0.007497458347888841,37.08915328979492,9.222030639648438
f002015,train,80.6,2.139,2.1389596031721636,-4.039682783618659e-05,4.039682783618659e-05,37.149112701416016,8.985280990600586
f002020,train,80.8,2.086,2.0924134997171993,0.0064134997171994,0.0064134997171994,36.584964752197266,8.510112762451172
f002025,train,81.0,2.086,2.070612504422456,-0.01538749557754393,0.01538749557754393,37.235076904296875,8.093833923339844
f002030,test,81.2,2.037,2.1334612121147027,0.09646121211470282,0.09646121211470282,35.194705963134766,9.509563446044922
f002035,train,81.4,2.009,1.9928583349131075,-0.01614166508689241,0.01614166508689241,37.54273223876953,8.063554763793945
f002040,train,81.6,1.886,1.90186356379466,0.01586356379466003,0.01586356379466003,36.866973876953125,9.022712707519531
f002045,train,81.8,1.917,1.9247545305740859,0.007754530574085816,0.007754530574085816,37.695640563964844,9.28497314453125
f002050,train,82.0,1.917,1.9300068091388833,0.013006809138883302,0.013006809138883302,37.5640869140625,8.509397506713867
f002055,train,82.2,1.806,1.8144299089345552,0.008429908934555197,0.008429908934555197,37.319618225097656,8.515357971191406
f002060,train,82.4,1.742,1.734984733678862,-0.007015266321138025,0.007015266321138025,37.37794494628906,8.514165878295898
f002065,train,82.6,1.677,1.6860132010023097,0.009013201002309623,0.009013201002309623,37.6740837097168,9.13381576538086
f002070,test,82.8,1.613,1.6509128940572781,0.03791289405727816,0.03791289405727816,37.002601623535156,8.522272109985352
f002075,train,83.0,1.613,1.6144545847195242,0.001454584719524199,0.001454584719524199,37.555721282958984,8.05354118347168
f002080,train,83.2,1.554,1.5582315008755612,0.004231500875561123,0.004231500875561123,36.855674743652344,8.614063262939453
f002085,train,83.4,1.507,1.5146788267206726,0.00767882672067266,0.00767882672067266,36.95163345336914,8.07952880859375
f002090,train,83.6,1.471,1.4788242131664484,0.007824213166448324,0.007824213166448324,37.54890060424805,8.505105972290039
f002095,train,83.8,1.443,1.4446375910224232,0.0016375910224231127,0.0016375910224231127,37.28208541870117,8.515596389770508
f002100,train,84.0,1.443,1.448582905790305,0.0055829057903049595,0.0055829057903049595,37.15644073486328,9.009838104248047
f002105,train,84.2,1.424,1.4228608625447041,-0.0011391374552958133,0.0011391374552958133,36.67207717895508,8.549213409423828
f002110,test,84.4,1.405,1.408796441637645,0.0037964416376450316,0.0037964416376450316,36.379150390625,8.87751579284668
f002115,train,84.6,1.408,1.380240816964112,-0.02775918303588787,0.02775918303588787,23.537561416625977,8.517265319824219
f002120,train,84.8,1.418,1.3794271740732913,-0.03857282592670863,0.03857282592670863,36.429840087890625,8.827686309814453
f002125,train,85.0,1.418,1.4193763041800715,0.0013763041800716191,0.0013763041800716191,36.40530014038086,8.52656364440918
f002130,train,85.2,1.437,1.4130425083765228,-0.023957491623477267,0.023957491623477267,36.13677978515625,8.188486099243164
f002135,train,85.4,1.46,1.4342017637810462,-0.02579823621895372,0.02579823621895372,33.78353500366211,8.565664291381836
f002140,train,85.6,1.481,1.4409000315202944,-0.04009996847970565,0.04009996847970565,35.4830322265625,8.60595703125
f002145,train,85.8,1.48,1.4645799046931869,-0.015420095306813097,0.015420095306813097,35.78600311279297,8.004426956176758
f002150,test,86.0,1.48,1.3839866741520621,-0.09601332584793787,0.09601332584793787,36.938636779785156,9.519577026367188
f002155,train,86.2,1.507,1.4074129199470191,-0.09958708005298078,0.09958708005298078,37.556968688964844,8.018732070922852
f002160,train,86.4,1.526,1.4653331153816107,-0.060666884618389316,0.060666884618389316,37.0273551940918,8.032083511352539
f002165,train,86.6,1.538,1.4895261925945473,-0.04847380740545271,0.04847380740545271,37.70806121826172,8.50057601928711
f002170,train,86.8,1.551,1.566244403857107,0.015244403857107125,0.015244403857107125,37.34252166748047,8.670568466186523
f002175,train,87.0,1.551,1.5614829412366473,0.010482941236647392,0.010482941236647392,36.83110046386719,9.003400802612305
f002180,train,87.2,1.567,1.6193162458102794,0.052316245810279494,0.052316245810279494,36.97051239013672,8.607149124145508
f002185,train,87.4,1.587,1.6887558210064268,0.10175582100642688,0.10175582100642688,37.452754974365234,9.009599685668945
f002190,test,87.6,1.633,1.7015820080047885,0.06858200800478853,0.06858200800478853,36.52959442138672,8.533239364624023
f002195,train,87.8,1.732,1.729686896122102,-0.0023131038778980706,0.0023131038778980706,38.01841354370117,8.526086807250977
f002200,train,88.0,1.732,1.69053465697439,-0.04146534302561,0.04146534302561,37.708431243896484,9.500265121459961
f002205,train,88.2,1.704,1.6794669531297126,-0.024533046870287345,0.024533046870287345,36.23365783691406,8.005380630493164
f002210,train,88.4,1.748,1.741459120461044,-0.006540879538956101,0.006540879538956101,35.9620475769043,8.518457412719727
f002215,train,88.6,1.806,1.931450763031906,0.12545076303190594,0.12545076303190594,34.991485595703125,9.749650955200195
f002220,train,88.8,1.818,1.7522553490752644,-0.06574465092473569,0.06574465092473569,35.083534240722656,8.673906326293945
f002225,train,89.0,1.818,1.790730622308043,-0.02726937769195703,0.02726937769195703,36.630882263183594,9.295225143432617
f002230,test,89.2,1.892,1.7676409807492346,-0.12435901925076531,0.12435901925076531,36.76659393310547,9.515523910522461
f002235,train,89.4,1.934,1.7807095227976233,-0.15329047720237665,0.15329047720237665,37.375694274902344,9.972810745239258
f002240,train,89.6,1.966,1.8191232679072362,-0.14687673209276375,0.14687673209276375,37.09934616088867,10.029792785644531
f002245,train,89.8,1.998,1.8913212756785942,-0.1066787243214058,0.1066787243214058,35.632179260253906,9.204387664794922
