name,split,psnr
0001,train,29.473684310913086
0002,train,32.8167610168457
0003,train,38.20289993286133
0004,train,38.572872161865234
0005,train,36.91067886352539
0006,train,36.46915054321289
0007,train,36.60768127441406
0009,train,36.410118103027344
0010,train,36.673728942871094
0011,train,36.45014190673828
0012,train,35.99243927001953
0013,train,35.76384735107422
0014,train,36.00335693359375
0015,train,36.29275894165039
0017,train,36.24565887451172
0018,train,37.65821838378906
0019,train,37.99840545654297
0020,train,39.57511520385742
0021,train,39.44304656982422
0022,train,38.930870056152344
0023,train,37.38568115234375
0025,train,34.30863952636719
0026,train,32.9486198425293
0027,train,31.795604705810547
0028,train,28.62006950378418
0029,train,30.01102066040039
0030,train,28.089061737060547
0031,train,27.691402435302734
0033,train,28.434814453125
0034,train,27.837261199951172
0035,train,28.802120208740234
0036,train,31.513427734375
0037,train,29.90871810913086
0038,train,30.106414794921875
0039,train,29.44754409790039
0041,train,29.995393753051758
0042,train,13.395341873168945
0043,train,26.87350082397461
0044,train,28.30542755126953
0045,train,30.901782989501953
0046,train,32.727577209472656
0047,train,32.855655670166016
0049,train,32.329124450683594
0050,train,34.29829406738281
0051,train,34.68621826171875
0052,train,35.353179931640625
0053,train,34.699867248535156
0054,train,34.04907989501953
0055,train,36.086097717285156
0057,train,36.889427185058594
0058,train,37.25204849243164
0059,train,36.09032440185547
0060,train,34.737266540527344
0061,train,32.72225570678711
0062,train,32.260337829589844
0063,train,31.021440505981445
0065,train,30.570175170898438
0066,train,31.563758850097656
0067,train,33.2265625
0068,train,34.588443756103516
0069,train,34.450870513916016
0070,train,34.180999755859375
0071,train,33.039710998535156
0073,train,32.381797790527344
0074,train,35.52504348754883
0075,train,36.5280876159668
0076,train,37.17084503173828
0077,train,35.7044792175293
0078,train,34.693626403808594
0079,train,32.943397521972656
0081,train,33.22599792480469
0082,train,34.61798858642578
0083,train,35.8953971862793
0084,train,34.375709533691406
0085,train,31.29021453857422
0086,train,30.534854888916016
0087,train,31.000125885009766
0089,train,30.178499221801758
0090,train,29.75242805480957
0091,train,29.598041534423828
0092,train,29.14313316345215
0093,train,29.5301456451416
0094,train,29.75459098815918
0095,train,29.63326644897461
0097,train,29.620769500732422
0098,train,30.120220184326172
0099,train,30.917640686035156
0100,train,31.890432357788086
0101,train,31.935117721557617
0102,train,31.675033569335938
0103,train,30.67794418334961
0105,train,29.473913192749023
0106,train,29.313737869262695
0107,train,29.069082260131836
0108,train,29.39495849609375
0109,train,29.929718017578125
0110,train,30.583860397338867
0111,train,31.362409591674805
0113,train,32.17951583862305
0114,train,33.175662994384766
0115,train,34.41011047363281
0116,train,34.32642364501953
0117,train,35.44488525390625
0118,train,34.2761344909668
0119,train,33.24711227416992
0121,train,34.13935852050781
0122,train,34.00541687011719
0123,train,34.87717056274414
0124,train,36.39912033081055
0125,train,37.0604362487793
0126,train,37.26167297363281
0127,train,34.9539680480957
0129,train,34.71413040161133
0130,train,35.2335319519043
0131,train,34.984928131103516
0132,train,33.95778274536133
0133,train,34.687591552734375
0134,train,34.879554748535156
0135,train,34.35923767089844
0137,train,35.460365295410156
0138,train,37.7205810546875
0139,train,37.04261016845703
0140,train,37.99932098388672
0141,train,37.87852096557617
0142,train,37.77497100830078
0143,train,36.80596160888672
0145,train,36.78990173339844
0146,train,38.03148651123047
0147,train,38.247074127197266
0148,train,36.162322998046875
0149,train,38.02613830566406
0150,train,37.702720642089844
0151,train,37.25310516357422
0153,train,35.774173736572266
0154,train,35.505340576171875
0155,train,35.562171936035156
0156,train,35.58767318725586
0157,train,35.92962646484375
0158,train,35.34168243408203
0159,train,35.10426330566406
0161,train,34.34716796875
0162,train,33.62666320800781
0163,train,33.71638107299805
0164,train,33.586612701416016
0165,train,33.8426513671875
0166,train,32.218345642089844
0167,train,28.406513214111328
0169,train,30.288354873657227
0170,train,30.237892150878906
0171,train,29.85713005065918
0172,train,29.9442195892334
0173,train,29.882734298706055
0174,train,29.661579132080078
0175,train,29.375951766967773
0177,train,29.133567810058594
0178,train,29.22271728515625
0179,train,29.451892852783203
0180,train,28.581066131591797
0181,train,27.431758880615234
0182,train,27.02851104736328
0183,train,26.222227096557617
0185,train,28.00128173828125
0186,train,28.430824279785156
0187,train,28.586421966552734
0188,train,28.38235092163086
0189,train,27.650344848632812
0190,train,27.91986656188965
0191,train,28.33629608154297
0193,train,29.704349517822266
0194,train,30.800893783569336
0195,train,31.7923583984375
0196,train,32.49543762207031
0197,train,33.11915969848633
0198,train,32.856414794921875
0199,train,31.87160873413086
0201,train,32.56922149658203
0202,train,32.491207122802734
0203,train,31.648406982421875
0204,train,32.000003814697266
0205,train,32.12613296508789
0206,train,30.220842361450195
0207,train,30.096271514892578
0209,train,25.785959243774414
0210,train,25.37161636352539
0211,train,25.73712158203125
0212,train,26.38656234741211
0213,train,28.053203582763672
0214,train,29.584657669067383
0215,train,29.264270782470703
0217,train,29.691059112548828
0218,train,30.640769958496094
0219,train,31.881410598754883
0220,train,31.911514282226562
0221,train,32.19467544555664
0222,train,32.113914489746094
0223,train,30.395771026611328
0225,train,28.151050567626953
0226,train,28.840858459472656
0227,train,31.046354293823242
0228,train,32.81309127807617
0229,train,32.56964874267578
0230,train,30.60140609741211
0231,train,33.074764251708984
0233,train,28.834821701049805
0234,train,26.476285934448242
0235,train,29.36815643310547
0236,train,31.28171157836914
0237,train,31.101051330566406
0238,train,31.051443099975586
0239,train,31.549482345581055
0241,train,33.06021499633789
0242,train,32.750648498535156
0243,train,32.701171875
0244,train,32.283634185791016
0245,train,31.96825408935547
0246,train,31.55450439453125
0247,train,30.946544647216797
0249,train,30.454294204711914
0250,train,30.889415740966797
0251,train,30.92452621459961
0252,train,30.39501190185547
0253,train,30.046096801757812
0254,train,30.655515670776367
0255,train,30.091407775878906
0257,train,30.252124786376953
0258,train,26.78457260131836
0259,train,22.52703094482422
0260,train,19.584827423095703
0261,train,18.83558464050293
0262,train,19.3361873626709
0263,train,18.797822952270508
0265,train,30.90215301513672
0266,train,31.856666564941406
0267,train,32.3861083984375
0268,train,32.40519714355469
0269,train,32.5666618347168
0270,train,32.736812591552734
0271,train,32.754058837890625
0273,train,33.89930725097656
0274,train,34.347747802734375
0275,train,34.68455505371094
0276,train,35.011322021484375
0277,train,35.150787353515625
0278,train,35.92755126953125
0279,train,35.86722946166992
0281,train,34.6170654296875
0282,train,34.806861877441406
0283,train,34.4671630859375
0284,train,34.587196350097656
0285,train,34.65012741088867
0286,train,34.952388763427734
0287,train,35.54397201538086
0289,train,36.05339813232422
0290,train,36.100704193115234
0291,train,35.74787902832031
0292,train,34.91633605957031
0293,train,35.83641052246094
0294,train,35.16463088989258
0295,train,35.79949951171875
0297,train,34.96568298339844
0298,train,33.30357360839844
0299,train,31.54477310180664
0000,test,26.07196617126465
0008,test,36.168426513671875
0016,test,36.26674270629883
0024,test,35.38935089111328
0032,test,27.486610412597656
0040,test,28.437496185302734
0048,test,30.79793930053711
0056,test,36.02748107910156
0064,test,31.010719299316406
0072,test,30.19109344482422
0080,test,31.369312286376953
0088,test,29.577428817749023
0096,test,28.893024444580078
0104,test,29.79450035095215
0112,test,31.803359985351562
0120,test,32.59503173828125
0128,test,35.11573028564453
0136,test,35.57249069213867
0144,test,36.01679229736328
0152,test,36.21959686279297
0160,test,33.82642364501953
0168,test,29.497028350830078
0176,test,29.894695281982422
0184,test,25.817201614379883
0192,test,28.94293212890625
0200,test,31.595399856567383
0208,test,26.770156860351562
0216,test,27.066436767578125
0224,test,27.7340145111084
0232,test,22.67787742614746
0240,test,32.27391815185547
0248,test,30.220500946044922
0256,test,28.632667541503906
0264,test,20.985851287841797
0272,test,33.038814544677734
0280,test,35.27196502685547
0288,test,35.25335693359375
0296,test,33.772151947021484
